lifecycle:transition,event_count,event_share
complete,475306,0.3953414674111491
suspend,215402,0.17916319752600712
schedule,149104,0.1240190406956192
start,128227,0.10665434549896155
resume,127160,0.10576685544891443
ate_abort,85224,0.07088608437227338
withdraw,21844,0.018169009047075232
